African Chicken Salad ,African Chicken Salad 
Almond Bark Cookies,Almond Bark Cookies
Almond Cookies,Almond Cookies
American Fries,American Fries
Andouille Sausage Jambalaya,Andouille Sausage Jambalaya, Jambalaya, Sausage Jambalaya
Angel Food Cake,Angel Food Cake, Angel Food Cake with Strawberries
Anniversary Chicken,Anniversary Chicken
Appetizer Bar,Appetizer Bar
Apple Crisp,Apple Crisp
Apple Dumplings ,Apple Dumplings 
Apple Pie,Apple Pie
Augratin Potatoes,Augratin Potatoes
Awesome Oatmeal Bars,Awesome Oatmeal Bars
Baby Carrots,Baby Carrots
Bacon,Bacon
Bacon Cheeseburger Pizza,Bacon Cheeseburger Pizza, Cheeseburger Pizza
Bacon Egg Cheese Croissant, Bacon Egg and Cheese Croissant
Bacon Lettuce & Tomato Sandwich, BLT sandwich, BLT sandwiches, BLT
Baked Beans,Baked Beans
Baked Cavatelli,Baked Cavatelli with Meat Sauce, Baked Cavatelli, Cavatelli
Baked Mediterranean Chicken,Baked Mediterranean Chicken, Mediterranean Chicken
Baked Potatoes,Baked Potatoes
Baked Spaghetti with Meat Sauce,Baked Spaghetti with Meat Sauce, Baked Spaghetti, Spaghetti
Baked Turkey Corndog,Baked Turkey Corndog, Corndog
Baked Ziti with Meat Sauce,Baked Ziti with Meat Sauce, Baked Ziti
Bakery Bakery Fresh Cinnamon Rolls,Bakery Bakery Fresh Cinnamon Rolls, Cinnamon Rolls
Bakery Fresh Caramel Rolls,Bakery Fresh Caramel Rolls, Caramel Rolls
Bakery Fresh Cinnamon Rolls,Bakery Fresh Cinnamon Rolls
Banana Bars,Banana Bars
Banana Bread,Banana Bread
Banana Cream Pie,Banana Cream Pie
BBQ Chicken Pizza,BBQ Chicken Pizza
BBQ Pork Ribs,BBQ Pork Ribs, Ribs, Pork Ribs
BBQ Turkey Panini,BBQ Turkey Panini, Turkey Panini
Beef & Broccoli Stir Fry,Beef & Broccoli Stir Fry
Beef & Cheese Tamale Pie,Beef & Cheese Tamale Pie, Tamale Pie 
Beef Enchiladas,Beef Enchiladas
Beef Gravy,Beef Gravy
Beef Lasagna,Beef Lasagna
Beef Stroganoff,Beef Stroganoff
Beef Teriyaki Stir Fr,Beef Teriyaki Stir Fr
Belgian Waffles & Toppings,Belgian Waffles & Toppings
Bibimbap,Bibimbap
Biscuits & Sausage Gravy,Biscuits & Sausage Gravy
Blonde Brownies,Blonde Brownies
Blueberry Muffins,Blueberry Muffins
Blueberry Waffles,Blueberry Waffles
Boiled Potatoes,Boiled Potatoes
Beef Gravy,Beef Gravy
Bratwurst Sandwich,Bratwurst Sandwich
Breakfast Burritos,Breakfast Burritos
Breakfast Pizza,Breakfast Pizza
Breakfast Taco,Breakfast Taco
Broccoli,Broccoli
Broccoli Normandy,Broccoli Normandy
Brownies,Brownies
Brown Rice,Brown Rice
Brussel Sprouts,Brussel Sprouts
Buffalo Chicken Casserole ,Buffalo Chicken Casserole 
Build your own Pizza,Build your own Pizza
Burger Bar,Burger Bar
Burrito & Taco Bar,Burrito & Taco Bar, Burritos, Tacos
Butterfinger Cake,Butterfinger Cake
Caesar Salad,Caesar Salad
Cajun Chicken Sandwich,Cajun Chicken Sandwich
Calico Beans,Calico Beans
Canadian Bacon & Pineapple Pizza,Canadian Bacon & Pineapple Pizza
Candied Apples,Candied Apples
Candy Bar Bars,Candy Bar Bars
Candy Corn,Candy Corn
Capri Blend Vegetables,Capri Blend Vegetables
Caramel Brownies ,Caramel Brownies 
Caramel French Toast,Caramel French Toast
Caramel Heath Cake,Caramel Heath Cake, Heath Cake
Caramelized Onion & Pork Panini,Caramelized Onion & Pork Panini
Carmelitas,Carmelitas
Carrots,Carrots
Carved Ham,Carved Ham
Carved Mesquite Turkey,Carved Mesquite Turkey
Carved Pork Loin,Carved Pork Loin
Carved Roast Beef,Carved Roast Beef, Roast Beef
Carved Roast Turkey,Carved Roast Turkey, Roast Turkey
Cashew Chicken ,Cashew Chicken 
Cereal Bar,Cereal Bar, Cereal
Cheddar Cheese Soup,Cheddar Cheese Soup
Cheddar Rounds,Cheddar Rounds
Cheddarwurst Sandwich,Cheddarwurst Sandwich, Cheddarwurst
Cheeseburger Soup ,Cheeseburger Soup 
Cheesecake with Cherry Topping,Cheesecake with Cherry Topping, Cheesecake
Cheese Manicotti with Meat Sauce,Cheese Manicotti with Meat Sauce, Cheese Manicotti
Cheese Quiche,Cheese Quiche, Quiche
Cheese Strata,Cheese Strata
Cheesy Broccoli Soup,Cheesy Broccoli Soup
Cheesy Potatoes,Cheesy Potatoes
Cheetos,Cheetos
Cherry Bars,Cherry Bars
Cherry Crisp,Cherry Crisp
Cherry Dessert,Cherry Dessert
Cherry Muffins,Cherry Muffins
Cherry Pie,Cherry Pie
Chicken ala King,Chicken ala King
Chicken Alfredo Pizza,Chicken Alfredo Pizza
Chicken Chimichangas,Chicken Chimichangas, Chimichangas
Chicken Cordon Bleu,Chicken Cordon Bleu, Cordon Bleu
Chicken Corn Chowder,Chicken Corn Chowder
Chicken Curry Soup ,Chicken Curry Soup 
Chicken Curry with Rice,Chicken Curry with Rice, Curry, Chicken Curry
Chicken Drummies,Chicken Drummies, Drummies
Chicken Fajitas,Chicken Fajitas, Fajitas
Chicken Fettuccini Alfredo,Chicken Fettuccini Alfredo, Chicken Alfredo
Chicken Fillet Sandwich,Chicken Fillet Sandwich, Chicken Fillet
Chicken Fried Steak,Chicken Fried Steak
Chicken Gravy,Chicken Gravy
Chicken Noodle Casserole,Chicken Noodle Casserole
Chicken Noodle Soup,Chicken Noodle Soup
Chicken Parmesan,Chicken Parmesan, Chicken Parm
Chicken Tenders,Chicken Tenders, Tenders
Chicken Tortilla Soup,Chicken Tortilla Soup
Chifrijo ,Chifrijo 
Chili,Chili
Chili Cheese Fries,Chili Cheese Fries
Chili Dog Sandwich,Chili Dog Sandwich, Chilli Dogs
Chipper Bars,Chipper Bars
Chocolate Cake,Chocolate Cake
Chocolate Candy Cheerio Bars,Chocolate Candy Cheerio Bars
Chocolate Candy Dream Bars,Chocolate Candy Dream Bars
Chocolate Chip Cookies,Chocolate Chip Cookies
Chocolate Chip Marble Bars,Chocolate Chip Marble Bars, MArble BArs
Chocolate Chip Muffins,Chocolate Chip Muffins
Chocolate Chip Pancakes,Chocolate Chip Pancakes
Chocolate Cream Pies,Chocolate Cream Pies
Chocolate Malt-O-Meal,Chocolate Malt-O-Meal
Chocolate Peanut Butter Bars ,Chocolate Peanut Butter Bars 
Chocolate Pudding Dessert,Chocolate Pudding Dessert
Cilantro Rice,Cilantro Rice, Cilantro
Coconut Cream Pie,Coconut Cream Pie
Cornbread Pudding,Cornbread Pudding
Corn Chips,Corn Chips
Corned Beef Hash,Corned Beef Hash, Corned Beef
Corn Muffins,Corn Muffins
Country Club Potatoes,Country Club Potatoes
Country Corn Casserole,Country Corn Casserole
Country Fish Sandwich,Country Fish Sandwich
Country Gravy,Country Gravy
Country Skillet,Country Skillet
Country Trio Vegetables,Country Trio Vegetables
Crab Rangoons,Crab Rangoons
Cranberry Chicken,Cranberry Chicken
Cranberry Orange Muffins,Cranberry Orange Muffins
Cream Filled Chocolate Cake,Cream Filled Chocolate Cake
Cream Filled Cupcakes,Cream Filled Cupcakes
Cream of Wheat,Cream of Wheat
Crispies,Crispies
Crispy Orange Chicken,Crispy Orange Chicken
Criss Cut Fries,Criss Cut Fries
Curly Fries,Curly Fries
Deli,Deli
Dirt Dessert,Dirt Dessert
Disappearing Marshmallow Bars,Disappearing Marshmallow Bars
Double Delicious Bars,Double Delicious Bars
Dressing,Dressing
Egg Bacon Cheese Biscuit,Egg Bacon Cheese Biscuit
Egg Bacon Cheese Casserole,Egg Bacon Cheese Casserole
Egg Bacon Cheese Croissant,Egg Bacon Cheese Croissant
Egg Bacon Cheese English Muffin,Egg Bacon Cheese English Muffin
Egg Drop Soup,Egg Drop Soup
Egg Ham Cheese English Muffin,Egg Ham Cheese English Muffin
Egg Noodles,Egg Noodles
Egg Sandwich,Egg Sandwich
Egg Sausage Cheese Casserole,Egg Sausage Cheese Casserole
Five Treasure Vegetable ,Five Treasure Vegetable 
French Dip Sandwich,French Dip Sandwich
French Fries,French Fries
French Onion Soup Bowl,French Onion Soup Bowl
French Toast,French Toast
French Toast Sticks,French Toast Sticks
Fresh Mixed Fruit,Fresh Mixed Fruit, Mixed Fruit
Fried Chicken,Fried Chicken
Fried Eggs,Fried Eggs
Fried Shrimp,Fried Shrimp
Fries,Fries
Frosted Sugar Cookie Bars,Frosted Sugar Cookie Bars
Fruit Filled Turnovers,Fruit Filled Turnovers
Fruit Pizza,Fruit Pizza
Fruit & Yogurt Bar,Fruit & Yogurt Bar
Garden Rice,Garden Rice
Garlic Breadsticks,Garlic Breadsticks
Garlic Cheese Biscuits ,Garlic Cheese Biscuits 
Garlic French Bread,Garlic French Bread
General Tso' s Chicken,General Tso' s Chicken
Gouda,Gouda, Apple & Spinach Grillers
Goulash,Goulash
Grapefruit Sections,Grapefruit Sections, Grapefruit
Greek Wheat Berry Salad,Greek Wheat Berry Salad
Green Bean Casserole,Green Bean Casserole
Green Beans,Green Beans
Grilled Cheese,Grilled Cheese
Grilled Cheese Sandwich,Grilled Cheese Sandwich
Grilled Chicken Sandwich,Grilled Chicken Sandwich
Grilled Ham & Cheese Sandwich,Grilled Ham & Cheese Sandwich
Grilled Italian Sausage Sandwich,Grilled Italian Sausage Sandwich
Grilled PB & J Sandwich,Grilled PB & J Sandwich, PB&J
Grilled Pepperoni & Cheese Sandwich,Grilled Pepperoni & Cheese Sandwich
Grilled Turkey & Cheese Sandwich,Grilled Turkey & Cheese Sandwich
Grits,Grits
Grouper Tenders,Grouper Tenders, Groupers
Guacamole,Guacamole, Guac
Gyros,Gyros
Ham,Ham
Ham & Bean Soup,Ham & Bean Soup
Hamburger Sandwich,Hamburger Sandwich
Ham & Cheese Casserole,Ham & Cheese Casserole
Ham & Cheese Croissant,Ham & Cheese Croissant
Ham & Pepperjack Griller ,Ham & Pepperjack Griller 
Hard Boiled Eggs,Hard Boiled Eggs
Hash Brown Casserole,Hash Brown Casserole
Hash Browns,Hash Browns
Hash Browns with Cheese,Hash Browns with Cheese
Heath Brickle Bars,Heath Brickle Bars
Heath Brickle Coffee Cake,Heath Brickle Coffee Cake
Herb Dijon Pasta Salad,Herb Dijon Pasta Salad
Hi Boy Monte Cristo Sandwich,Hi Boy Monte Cristo Sandwich, Monte Cristo
Hoisin Chicken,Hoisin Chicken
Homemade Cheesebread,Homemade Cheesebread
Homemade Garlic Bread,Homemade Garlic Bread
Homemade Ranch Potato Chips,Homemade Ranch Potato Chips
Honey Butter,Honey Butter
Hot Dog Sandwich,Hot Dog Sandwich
Hot Fresh Pizza,Hot Fresh Pizza
Hot Soft Pretzel,Hot Soft Pretzel
Hot Soft Pretzels,Hot Soft Pretzels
Hot Turkey Sandwich,Hot Turkey Sandwich
Hudson Baked Tilapia,Hudson Baked Tilapia
Hummus Pizza ,Hummus Pizza 
Hush Puppies,Hush Puppies
Italian Meatball,Italian Meatball
Italian Vegetable Soup,Italian Vegetable Soup
Jalapeno Corn Muffins,Jalapeno Corn Muffins
Jalepeno Popper Pizza ,Jalepeno Popper Pizza 
Jamaican Rice & Beans ,Jamaican Rice & Beans 
Jell-O Cake,Jell-O Cake
Kettle Chips,Kettle Chips
Key West Blend Vegetables,Key West Blend Vegetables
Key West Vegetables,Key West Vegetables
Le Hog Pizza,Le Hog Pizza
Lemon Bars ,Lemon Bars 
Lemon Pudding Dessert,Lemon Pudding Dessert
Loose Meat Sandwich,Loose Meat Sandwich
Low Country Chicken Pilau,Low Country Chicken Pilau
Macaroni & Cheese,Macaroni & Cheese
Macaroni & Cheese Bar,Macaroni & Cheese Bar
Malibu Blend Vegetables,Malibu Blend Vegetables
Malt-O-Meal,Malt-O-Meal
Mandarin Oranges,Mandarin Oranges
Mashed Potato Bar,Mashed Potato Bar
Mashed Potatoes,Mashed Potatoes
Meatloaf,Meatloaf
Mexican Rice,Mexican Rice
Minestrone Soup,Minestrone Soup
Miniature Pancake Sausage,Miniature Pancake Sausage
Mint Brownies,Mint Brownies
Mississippi Mud Bars ,Mississippi Mud Bars 
Mixed Vegetables,Mixed Vegetables
Molasses Cookies,Molasses Cookies
Monster Cookie Bars,Monster Cookie Bars
Morning Glory Muffins,Morning Glory Muffins
Mushroom Burger Sandwich,Mushroom Burger Sandwich
No Bake Cookies,No Bake Cookies
Oatmeal,Oatmeal
Oatmeal Raisin Cookies,Oatmeal Raisin Cookies
Omelet,Omelet
Onion Rings,Onion Rings
Oreo Cheesecake Dessert,Oreo Cheesecake Dessert
Oriental Beef Stir Fry,Oriental Beef Stir Fry
Oven Roasted Red Potatoes,Oven Roasted Red Potatoes
Pacific Blend Vegetables,Pacific Blend Vegetables
Pancake Bar,Pancake Bar
Pancakes,Pancakes
Pasta Court,Pasta Court
Pasta & Pizza Courts,Pasta & Pizza Courts
Peach Muffins,Peach Muffins
Peanut Butter Bars,Peanut Butter Bars, Peanut Butter Finger Bars
Peanut Butter Cookies,Peanut Butter Cookies
Peas,Peas
Peas & Carrots,Peas & Carrots
Philly Beef Sandwich,Philly Beef Sandwich, Philly Cheese, Philly Cheese Steaks
Pineapple Chunks,Pineapple Chunks
Pizza Court,Pizza Court
Pizza Hoagie Sandwich,Pizza Hoagie Sandwich
Pizza Hot Dish,Pizza Hot Dish
Poached Eggs,Poached Eggs
Polish Sausage Sandwich,Polish Sausage Sandwich
Poppy Seed Muffins,Poppy Seed Muffins
Pork Burger,Pork Burger
Pork Burger Sandwich,Pork Burger Sandwich
Pork Egg Roll,Pork Egg Roll
Pork Fritter Sandwich,Pork Fritter Sandwich
Pork Pot Sticker,Pork Pot Sticker, Pot Stickers
Pork Riblette Sandwich,Pork Riblette Sandwich
Potato Chips,Potato Chips
Potato Cubes,Potato Cubes
Potato Soup,Potato Soup
Prosciutto Pizza ,Prosciutto Pizza 
Pudding Cake,Pudding Cake
Pumpkin Bars,Pumpkin Bars
Pumpkin Bread,Pumpkin Bread
Quesadillas,Quesadillas
Rainbow Blondies,Rainbow Blondies
Ranger Cookies,Ranger Cookies
Reese's Pieces Cookies,Reese's Pieces Cookies, Reese's Cookies
Reuben Burger Sandwich ,Reuben Burger Sandwich 
Reuben Pizza,Reuben Pizza
Rice Crispy Treats,Rice Crispy Treats
Rice Pilaf,Rice Pilaf
Riviera Blend Vegetables,Riviera Blend Vegetables
Roast Beef Griller Sandwich,Roast Beef Griller Sandwich
Roasted Baja Vegetables,Roasted Baja Vegetables
Roasted Chicken Quarters,Roasted Chicken Quarters
Roasted Garlic Mashed Potatoes,Roasted Garlic Mashed Potatoes
Ruffles Chips,Ruffles Chips
Salmon Burger Sandwich,Salmon Burger Sandwich
Sausage Links,Sausage Links
Sausage Patties,Sausage Patties
Sausage & Pesto Pineapple Pizza,Sausage & Pesto Pineapple Pizza
Sausage Tomato Penne Pasta,Sausage Tomato Penne Pasta
Scalloped Potatoes,Scalloped Potatoes
Scandinavian Blend Vegetables,Scandinavian Blend Vegetables
Scandinavian Vegetables,Scandinavian Vegetables
Scotcharoo Bars,Scotcharoo Bars
Scrambled Eggs,Scrambled Eggs
Scrambled Eggs with Cheese,Scrambled Eggs with Cheese
Seasoned Potato Wedges,Seasoned Potato Wedges
Shredded BBQ Beef Sandwich,Shredded BBQ Beef Sandwich
Shrimp Stir Fry,Shrimp Stir Fry
Sicilian Blend Vegetables,Sicilian Blend Vegetables
Sitr Fry Vegetables,Sitr Fry Vegetables
Sliced Carrots,Sliced Carrots
Sloppy Joe Sandwich,Sloppy Joe Sandwich
Smoked Turkey Reuben Sandwich,Smoked Turkey Reuben Sandwich
S'more Bars,S'more Bars
Snickerdoodles,Snickerdoodles
Sopapilla Cheesecake ,Sopapilla Cheesecake 
Southwest Chicken Skillet,Southwest Chicken Skillet
Spinach,Spinach, Apple, & Gouda Griller Sandwich
Spinach & Feta Pizza,Spinach & Feta Pizza
Spring Rolls,Spring Rolls
Stir Fry Vegetables,Stir Fry Vegetables
Strawberry Bread,Strawberry Bread
Strawberry Muffins,Strawberry Muffins
Streusel Coffee Cake,Streusel Coffee Cake
Striped Delight,Striped Delight
Sugar Snap Peas,Sugar Snap Peas
Sugar Sprinkle Cookies,Sugar Sprinkle Cookies
Sweet-Hot Asian Noodle Bowl,Sweet-Hot Asian Noodle Bowl
Sweet Potato,Sweet Potato
Sweet Potato Casserole ,Sweet Potato Casserole 
Sweet Potato Fries,Sweet Potato Fries
Sweet & Sour Chicken,Sweet & Sour Chicken
Sweet & Sour Pork,Sweet & Sour Pork
Szechuan Beef,Szechuan Beef
Taco Bar,Taco Bar
Taco Soup,Taco Soup
Tangy Orange Chicke,Tangy Orange Chicke
Tater Tot Casserole,Tater Tot Casserole
Tater Tots,Tater Tots
Tavern Battered Cod,Tavern Battered Cod
Tequila Lime Chicken,Tequila Lime Chicken
Teriyaki Beef Stir Fry,Teriyaki Beef Stir Fry
Teriyaki Chicken,Teriyaki Chicken
Teriyaki Chicken Sandwich,Teriyaki Chicken Sandwich
Tilapia with Tomato Basil Relish,Tilapia with Tomato Basil Relish
Tomato Soup,Tomato Soup
Tortilla Chips & Nacho Cheese,Tortilla Chips & Nacho Cheese
Tri Tater,Tri Tater
Tuna Melt,Tuna Melt
Turkey Burger Sandwich,Turkey Burger Sandwich
Turkey Cheese Croissant,Turkey Cheese Croissant
Turkey Gravy,Turkey Gravy
Turkey Tetrazzini,Turkey Tetrazzini
Tuscan Zuppa ,Tuscan Zuppa 
Twinkie Cake,Twinkie Cake
Udon Beef Noodle Bowl,Udon Beef Noodle Bowl
Udon Hot & Sour Soup,Udon Hot & Sour Soup
Vanilla Chip Rich Cake ,Vanilla Chip Rich Cake 
Vegan African Sweet Potato Stew,Vegan African Sweet Potato Stew
Vegetable Beef Soup ,Vegetable Beef Soup 
Vegetable Egg Roll,Vegetable Egg Roll
Vegetable Feta Focaccia ,Vegetable Feta Focaccia 
Vegetable Pita Pizza,Vegetable Pita Pizza
Vegetable Spring Roll,Vegetable Spring Roll
Vegetable Spring Rolls,Vegetable Spring Rolls
Vegetable Tofu Stir Fry Vegetable Spring Roll,Vegetable Tofu Stir Fry Vegetable Spring Roll
Vegetarian Asparagus Cashew Pilaf,Vegetarian Asparagus Cashew Pilaf
Vegetarian Baked Spaghetti,Vegetarian Baked Spaghetti
Vegetarian Baked Stuffed Peppers,Vegetarian Baked Stuffed Peppers
Vegetarian Baked Ziti,Vegetarian Baked Ziti
Vegetarian Bavarian Steak,Vegetarian Bavarian Steak
Vegetarian Bean Burrito,Vegetarian Bean Burrito
Vegetarian Black Bean Tortilla Bake,Vegetarian Black Bean Tortilla Bake
Vegetarian Broccoli Cauliflower Casserole,Vegetarian Broccoli Cauliflower Casserole
Vegetarian Broccoli Corn Casserole,Vegetarian Broccoli Corn Casserole
Vegetarian Broccoli Rice Casserole,Vegetarian Broccoli Rice Casserole
Vegetarian Cavatini,Vegetarian Cavatini
Vegetarian Cheese Croissant,Vegetarian Cheese Croissant
Vegetarian Cheese Lasagna,Vegetarian Cheese Lasagna
Vegetarian Chickpea Quinoa Pilaf,Vegetarian Chickpea Quinoa Pilaf
Vegetarian Eggplant Parmesan,Vegetarian Eggplant Parmesan
Vegetarian Farmers' Pot Pie,Vegetarian Farmers' Pot Pie
Vegetarian Fettuccini  Alfredo,Vegetarian Fettuccini  Alfredo
Vegetarian Fresh Garden Pie,Vegetarian Fresh Garden Pie
Vegetarian Garden Vegetable Panini Sandwich,Vegetarian Garden Vegetable Panini Sandwich
Vegetarian Grilled Vegetables on Flatbread,Vegetarian Grilled Vegetables on Flatbread
Vegetarian HM Black Bean Burgers,Vegetarian HM Black Bean Burgers
Vegetarian Indian Chickpea Casserole,Vegetarian Indian Chickpea Casserole
Vegetarian Lemony Chickpea Stir Fry,Vegetarian Lemony Chickpea Stir Fry
Vegetarian Mexican Bake,Vegetarian Mexican Bake
Vegetarian Moroccan Acorn Squash,Vegetarian Moroccan Acorn Squash
Vegetarian Noodles Florentine,Vegetarian Noodles Florentine
Vegetarian Orzo Squash Spinach Casserole,Vegetarian Orzo Squash Spinach Casserole
Vegetarian Pesto Florentine,Vegetarian Pesto Florentine
Vegetarian Pesto Ravioli,Vegetarian Pesto Ravioli
Vegetarian Pita Pocket,Vegetarian Pita Pocket
Vegetarian Portobello Wrap,Vegetarian Portobello Wrap
Vegetarian Quinoa Enchilada Bake,Vegetarian Quinoa Enchilada Bake
Vegetarian Spaghetti Ala Puttanesca,Vegetarian Spaghetti Ala Puttanesca
Vegetarian Spinach & Black Bean Enchiladas,Vegetarian Spinach & Black Bean Enchiladas
Vegetarian Spinach Lasagna,Vegetarian Spinach Lasagna
Vegetarian Stacked Cheese and Rice Casserole,Vegetarian Stacked Cheese and Rice Casserole
Vegetarian Stacked Cheese and Rice Enchiladas,Vegetarian Stacked Cheese and Rice Enchiladas
Vegetarian Sweet Potato Wrap,Vegetarian Sweet Potato Wrap
Vegetarian Taco Salad,Vegetarian Taco Salad
Vegetarian Tater Tot Casserole,Vegetarian Tater Tot Casserole
Vegetarian Tequila Lime Portobello,Vegetarian Tequila Lime Portobello
Vegetarian Tofu Cacciatore with Whole Wheat Pasta,Vegetarian Tofu Cacciatore with Whole Wheat Pasta
Vegetarian Tofu Turnover,Vegetarian Tofu Turnover
Vegetarian Tofu Turnovers,Vegetarian Tofu Turnovers
Vegetarian Tomato Zucchini Casserole,Vegetarian Tomato Zucchini Casserole
Vegetarian Vegetable Casserole,Vegetarian Vegetable Casserole
Vegetarian Vegetable Feta Focaccia,Vegetarian Vegetable Feta Focaccia
Vegetarian Zucchini Cakes,Vegetarian Zucchini Cakes
Veg. Portobello Mushroom Burger ,Veg. Portobello Mushroom Burger 
Waffles,Waffles
Wartburg Donuts,Wartburg Donuts
Wartburger Sandwich,Wartburger Sandwich
Wheat Dinner Rolls,Wheat Dinner Rolls
White Bean Chicken Chili ,White Bean Chicken Chili 
White Cake,White Cake
White Dinner Rolls,White Dinner Rolls
White Rice,White Rice
Whole Green Beans,Whole Green Beans
Wild Rice,Wild Rice
Wild Rice Soup,Wild Rice Soup
Winter Mix Vegetables,Winter Mix Vegetables
